age,bmi,children,gender,discount_eligibility,region,age_squared,bmi_squared,age_bmi,actual_treatment_expense,predicted_treatment_expense,absolute_error
49,22.5,0,male,no,northeast,2401,506.25,1102.5,8688.86,9573.728,884.8675390624994
29,25.6,4,female,no,southwest,841,655.3600000000001,742.4000000000001,5708.87,7195.5884,1486.71837890625
51,36.4,3,female,no,northwest,2601,1324.9599999999998,1856.3999999999999,11436.74,11268.049,168.69117187499978
31,34.4,3,male,yes,northwest,961,1183.36,1066.3999999999999,38746.36,37672.703,1073.6568750000006
31,38.4,2,male,no,southeast,961,1474.56,1190.3999999999999,4463.21,6032.076,1568.866171875
49,37.5,2,male,no,southeast,2401,1406.25,1837.5,9304.7,10950.105,1645.4054687499993
23,36.7,2,female,yes,northeast,529,1346.89,844.1,38511.63,35732.445,2779.1846874999974
22,24.3,0,female,no,southwest,484,590.49,534.6,2150.47,3393.6497,1243.1796582031252
43,35.6,1,female,no,southeast,1849,1267.3600000000001,1530.8,7345.73,8679.092,1333.3617968750004
49,28.7,3,male,no,northwest,2401,823.6899999999999,1406.3,10264.44,10849.615,585.1752343749995
61,21.1,0,female,no,northwest,3721,445.21000000000004,1287.1000000000001,13415.04,13806.923,391.8828515624991
52,27.4,0,male,yes,northwest,2704,750.7599999999999,1424.8,24393.62,24544.004,150.38390625000102
32,33.6,1,male,yes,northeast,1024,1128.96,1075.2,37607.53,37672.703,65.17312500000116
61,44.0,0,female,no,southwest,3721,1936.0,2684.0,13063.88,13017.569,46.3106640624992
35,38.1,2,female,no,northeast,1225,1451.6100000000001,1333.5,24915.05,7645.4736,17269.5763671875
45,28.7,2,male,no,southwest,2025,823.6899999999999,1291.5,8027.97,9460.418,1432.4479687499997
20,33.0,1,male,no,southwest,400,1089.0,660.0,1980.07,4416.992,2436.9221875000003
36,35.2,1,male,yes,southeast,1296,1239.0400000000002,1267.2,38709.18,38252.465,456.7151562500003
26,23.7,2,male,no,southwest,676,561.6899999999999,616.1999999999999,3484.33,6190.8086,2706.47859375
29,29.6,1,female,no,southeast,841,876.1600000000001,858.4000000000001,3947.41,5245.359,1297.9488867187501
20,33.0,0,female,no,southeast,400,1089.0,660.0,1880.07,3638.1797,1758.1096875
36,28.0,1,male,yes,northeast,1296,784.0,1008.0,20773.63,20980.654,207.02429687499898
49,42.7,2,female,no,southeast,2401,1823.2900000000002,2092.3,9800.89,11078.598,1277.7076562500006
39,28.3,1,male,yes,southwest,1521,800.89,1103.7,21082.16,22301.148,1218.9884375000001
33,35.5,0,female,yes,northwest,1089,1260.25,1171.5,55135.4,38589.03,16546.36875
21,33.6,2,female,no,northwest,441,1128.96,705.6,3579.83,5688.298,2108.4678515625
42,40.4,2,female,yes,southeast,1764,1632.1599999999999,1696.8,43896.38,41124.777,2771.6026562499974
60,32.8,0,male,yes,southwest,3600,1075.84,1967.9999999999998,52590.83,42692.54,9898.290937500002
49,30.8,1,female,no,northeast,2401,948.6400000000001,1509.2,9778.35,10690.981,912.6314453124996
48,35.6,4,male,no,northeast,2304,1267.3600000000001,1708.8000000000002,10736.87,11626.196,889.3262890624992
31,31.1,0,female,no,northeast,961,967.21,964.1,4347.02,4536.124,189.10402343749956
50,37.1,1,male,no,southeast,2500,1376.41,1855.0,9048.03,10574.052,1526.0217578124993
18,23.3,1,male,no,southeast,324,542.89,419.40000000000003,1711.03,3778.363,2067.3330371093753
59,27.5,1,male,no,southwest,3481,756.25,1622.5,12333.83,14056.776,1722.9463671875
54,47.4,0,female,yes,southeast,2916,2246.7599999999998,2559.6,63770.43,44173.027,19597.40265625
51,34.2,1,female,no,southwest,2601,1169.64,1744.2,9872.7,10701.011,828.3107421874993
19,28.6,5,female,no,southwest,361,817.96,543.4,4687.8,6107.9043,1420.1042968749998
30,20.0,3,female,no,northwest,900,400.0,600.0,5693.43,6337.5454,644.1154101562497
53,20.9,0,male,yes,southeast,2809,436.80999999999995,1107.6999999999998,21195.82,21995.586,799.7659375000003
46,28.1,1,female,no,southeast,2116,789.6100000000001,1292.6000000000001,8233.1,9345.038,1111.9380859374996
22,39.8,0,female,no,northeast,484,1584.0399999999997,875.5999999999999,2755.02,3464.445,709.425068359375
43,20.0,2,female,yes,northeast,1849,400.0,860.0,19798.05,18221.363,1576.6867187499993
43,36.0,3,male,yes,southeast,1849,1296.0,1548.0,42124.52,39307.953,2816.566874999997
51,32.3,1,male,no,northeast,2601,1043.2899999999997,1647.3,9964.06,10633.729,669.6685156250005
46,20.0,2,female,no,northwest,2116,400.0,920.0,9193.84,9001.575,192.26480468750015
28,25.8,0,female,no,southwest,784,665.64,722.4,3161.45,4288.3813,1126.9313476562502
18,40.3,0,female,no,northeast,324,1624.0899999999997,725.4,2217.6,3407.7,1190.099951171875
43,29.9,1,female,no,southwest,1849,894.0099999999999,1285.7,7337.75,8887.845,1550.0947265625
28,25.9,1,female,no,northwest,784,670.81,725.1999999999999,4133.64,5213.5693,1079.9293359374997
39,32.3,2,male,no,southeast,1521,1043.2899999999997,1259.6999999999998,6338.08,7406.969,1068.88923828125
28,33.0,2,female,no,southeast,784,1089.0,924.0,4349.46,6383.3574,2033.897421875
39,42.7,0,male,no,northeast,1521,1823.2900000000002,1665.3000000000002,5757.41,6211.887,454.47720703125015
43,25.3,1,female,yes,northeast,1849,640.09,1087.9,21771.34,21854.64,83.30062499999985
20,33.3,0,male,no,southeast,400,1108.8899999999999,666.0,1391.53,3601.019,2209.4890429687503
42,35.8,2,male,no,southwest,1764,1281.6399999999999,1503.6,7160.09,8018.701,858.6111718749999
44,30.7,2,male,no,southeast,1936,942.49,1350.8,7731.43,9251.664,1520.2340624999997
51,27.7,1,male,no,northeast,2601,767.29,1412.7,9957.72,10643.138,685.4176953125007
25,22.5,1,female,no,northwest,625,506.25,562.5,3594.17,5038.154,1443.98380859375
33,35.8,1,male,yes,southeast,1089,1281.6399999999999,1181.3999999999999,38282.75,38820.4,537.6484375
41,30.6,2,male,no,northwest,1681,936.3600000000001,1254.6000000000001,7256.72,7420.3877,163.66769531249975
49,41.5,4,female,no,southeast,2401,1722.25,2033.5,10977.21,12227.919,1250.7089453125009
35,34.2,1,female,no,southeast,1225,1169.64,1197.0,5245.23,5675.965,430.73484375000044
52,31.7,2,female,no,northwest,2704,1004.89,1648.3999999999999,11187.66,12989.748,1802.0880468750001
18,26.1,0,male,no,northeast,324,681.21,469.8,1708.93,3050.0115,1341.081474609375
52,44.7,3,female,no,southwest,2704,1998.0900000000001,2324.4,11411.69,12949.001,1537.3109765624995
53,23.8,2,female,no,northeast,2809,566.44,1261.4,11729.68,12343.858,614.1783984374997
38,37.1,1,male,no,northeast,1444,1376.41,1409.8,6079.67,6774.393,694.7230664062499
43,27.8,0,male,yes,southwest,1849,772.84,1195.4,37829.72,23137.164,14692.555937500001
19,27.7,0,male,yes,southwest,361,767.29,526.3,16297.85,16937.783,639.9332031249996
62,36.9,1,female,no,northeast,3844,1361.61,2287.7999999999997,31620.0,14504.829,17115.1708984375
52,18.3,0,female,no,northwest,2704,334.89000000000004,951.6,9991.04,11027.19,1036.1504296874991
18,30.1,0,female,no,northeast,324,906.0100000000001,541.8000000000001,2203.47,3584.6465,1381.1764843750002
41,23.9,1,male,no,northeast,1681,571.2099999999999,979.9,6858.48,6749.691,108.78908203124956
21,16.8,1,female,no,northeast,441,282.24,352.8,3167.46,3979.3835,811.923544921875
55,29.0,0,male,no,northeast,3025,841.0,1595.0,10796.35,11869.586,1073.2359374999996
19,18.6,0,female,no,southwest,361,345.96000000000004,353.40000000000003,1728.9,2920.7266,1191.8265625
61,43.4,0,male,no,southwest,3721,1883.56,2647.4,12574.05,12886.012,311.9617187500007
33,35.8,2,male,no,southeast,1089,1281.6399999999999,1181.3999999999999,4890.0,6607.0117,1717.01171875
49,21.3,1,female,no,southwest,2401,453.69000000000005,1043.7,9182.17,9916.394,734.2235546874999
60,28.6,0,male,no,northeast,3600,817.96,1716.0,30260.0,13406.468,16853.5322265625
27,30.6,1,female,no,northeast,729,936.3600000000001,826.2,16796.41,5392.398,11404.01205078125
52,46.8,5,female,no,southeast,2704,2190.24,2433.6,12592.53,13245.874,653.3440234374993
60,37.0,0,male,no,northeast,3600,1369.0,2220.0,12741.17,13710.574,969.4042187499999
43,35.3,2,male,no,southeast,1849,1246.0899999999997,1517.8999999999999,18806.15,9176.11,9630.039648437501
63,27.7,0,female,yes,northeast,3969,767.29,1745.1,29523.17,25488.943,4034.2266406249983
59,29.7,2,male,no,southeast,3481,882.0899999999999,1752.3,12925.89,14807.408,1881.5182031250006
30,25.5,0,male,no,northeast,900,650.25,765.0,3645.09,4476.752,831.6619531249999
18,29.4,1,male,no,southeast,324,864.3599999999999,529.1999999999999,1719.44,4249.737,2530.29681640625
20,40.5,0,male,no,northeast,400,1640.25,810.0,1984.45,3427.2844,1442.834423828125
23,32.6,0,male,no,southeast,529,1062.76,749.8000000000001,1824.29,4320.337,2496.0469140625
60,33.1,3,male,no,southeast,3600,1095.6100000000001,1986.0,13919.82,15556.371,1636.5510937500003
30,23.7,3,female,yes,northwest,900,561.6899999999999,711.0,18765.88,17910.723,855.157343750001
28,24.3,5,male,no,southwest,784,590.49,680.4,5615.37,6762.7104,1147.34044921875
21,31.1,0,male,no,southwest,441,967.21,653.1,1526.31,3555.1702,2028.860166015625
19,28.9,0,female,no,southwest,361,835.2099999999999,549.1,1743.21,3379.2275,1636.0175390625
53,34.1,0,male,yes,northeast,2809,1162.8100000000002,1807.3000000000002,43254.42,41610.188,1644.2324999999983
53,41.5,0,male,no,southeast,2809,1722.25,2199.5,9504.31,11920.924,2416.6138281250005
46,27.7,1,female,no,southeast,2116,767.29,1274.2,8232.64,9434.126,1201.4859765625006
22,33.8,0,male,no,southeast,484,1142.4399999999998,743.5999999999999,1674.63,3571.9053,1897.2752734375
45,24.0,2,male,no,northeast,2025,576.0,1080.0,8604.48,8712.218,107.73777343750044
63,31.8,0,female,no,southwest,3969,1011.24,2003.4,13880.95,13833.242,47.70781250000073
56,36.1,3,male,no,southwest,3136,1303.21,2021.6000000000001,12363.55,13649.739,1286.1892578125007
53,22.9,1,female,yes,southeast,2809,524.41,1213.6999999999998,23244.79,23286.422,41.63187499999913
53,36.6,3,male,no,southwest,2809,1339.5600000000002,1939.8000000000002,11264.54,13191.477,1926.9365624999991
35,34.1,3,female,yes,northwest,1225,1162.8100000000002,1193.5,39983.43,38160.633,1822.7971875000003
19,21.8,0,male,no,northwest,361,475.24,414.2,1627.28,2949.3206,1322.040556640625
34,31.9,1,female,yes,northeast,1156,1017.6099999999999,1084.6,37701.88,37672.703,29.17687499999738
21,25.7,4,male,yes,southwest,441,660.49,539.6999999999999,17942.11,16799.22,1142.8892968750006
55,33.5,2,female,no,northwest,3025,1122.25,1842.5,12269.69,13039.193,769.5033593749995
35,27.1,1,male,no,southwest,1225,734.4100000000001,948.5,4746.34,5774.731,1028.3909570312499
37,30.8,2,female,no,southeast,1369,948.6400000000001,1139.6000000000001,6313.76,7141.1724,827.4123632812498
58,27.2,0,female,no,northwest,3364,739.8399999999999,1577.6,12222.9,12034.938,187.96152343749964
34,33.3,1,female,no,northeast,1156,1108.8899999999999,1132.1999999999998,5594.85,6047.5527,452.70273437499964
33,36.3,3,female,no,northeast,1089,1317.6899999999998,1197.8999999999999,6551.75,6795.159,243.4091796875
22,39.5,0,male,no,southwest,484,1560.25,869.0,1682.6,3199.7537,1517.153662109375
24,35.9,0,male,no,southeast,576,1288.81,861.5999999999999,1986.93,3995.0178,2008.087822265625
19,25.7,1,female,no,northwest,361,660.49,488.3,2710.83,3907.1123,1196.2823046875
18,33.3,0,male,no,southeast,324,1108.8899999999999,599.4,1135.94,3414.0159,2278.075869140625
23,41.9,0,male,no,southeast,529,1755.61,963.6999999999999,1837.28,3904.3875,2067.1074511718753
50,23.5,2,female,no,southeast,2500,552.25,1175.0,10107.22,10606.425,499.20480468750065
55,35.2,0,female,yes,southeast,3025,1239.0400000000002,1936.0000000000002,44423.8,42218.305,2205.495312500003
33,35.2,0,male,no,northeast,1089,1239.0400000000002,1161.6000000000001,12404.88,4886.2974,7518.582636718749
44,38.1,1,male,no,southeast,1936,1451.6100000000001,1676.4,7152.67,8760.546,1607.8758984375
35,34.3,3,male,no,southeast,1225,1176.4899999999998,1200.5,5934.38,6707.775,773.3949023437499
45,27.6,1,female,no,northwest,2025,761.7600000000001,1242.0,28340.19,8120.7246,20219.465390625
41,32.2,2,male,no,southwest,1681,1036.8400000000001,1320.2,6875.96,8018.701,1142.741171875
25,23.9,5,male,no,southwest,625,571.2099999999999,597.5,5080.1,6762.7104,1682.6104492187496
61,28.2,0,female,no,southwest,3721,795.24,1720.2,13041.92,13527.178,485.2577343749999
24,40.2,0,male,yes,southeast,576,1616.0400000000002,964.8000000000001,38126.25,36286.645,1839.60546875
63,37.7,0,female,yes,southwest,3969,1421.2900000000002,2375.1000000000004,48824.45,44293.062,4531.387499999997
61,29.1,0,female,yes,northwest,3721,846.8100000000001,1775.1000000000001,29141.36,26386.74,2754.6197656250006
45,38.3,0,female,no,northeast,2025,1466.8899999999999,1723.4999999999998,7935.29,8772.371,837.08109375
25,25.7,0,male,no,southeast,625,660.49,642.5,2137.65,4251.913,2114.2630859375
50,28.1,3,female,no,northwest,2500,789.6100000000001,1405.0,11085.59,11147.652,62.062343749999854
33,38.9,3,female,no,southwest,1089,1513.2099999999998,1283.7,5972.38,7457.8706,1485.49060546875
18,31.4,4,female,no,northeast,324,985.9599999999999,565.1999999999999,4561.19,6765.967,2204.7767968750004
44,39.0,0,female,yes,northwest,1936,1521.0,1716.0,42983.46,42566.688,416.7724999999991
44,20.2,1,female,yes,northeast,1936,408.03999999999996,888.8,19594.81,18534.082,1060.7279687500013
19,28.9,0,female,yes,northwest,361,835.2099999999999,549.1,17748.51,18170.174,421.6638281250016
24,34.0,0,female,no,southeast,576,1156.0,816.0,2473.33,4081.5813,1608.251298828125
32,29.8,2,female,no,southwest,1024,888.0400000000001,953.6,5152.13,6300.875,1148.745
26,29.4,2,female,no,northeast,676,864.3599999999999,764.4,4564.19,6433.983,1869.7929101562504
43,46.2,0,female,yes,southeast,1849,2134.44,1986.6000000000001,45863.21,42536.89,3326.319374999999
54,25.5,1,male,no,northeast,2916,650.25,1377.0,25517.11,12112.612,13404.4976953125
18,41.1,0,male,no,southeast,324,1689.21,739.8000000000001,1146.8,3188.8574,2042.057421875
39,32.8,0,female,no,southwest,1521,1075.84,1279.1999999999998,5649.72,6988.652,1338.9318554687497
33,42.5,1,male,no,southeast,1089,1806.25,1402.5,11326.71,5464.8677,5861.842324218749
44,27.5,1,female,no,southwest,1936,756.25,1210.0,7626.99,8142.5728,515.5827539062502
47,36.6,1,female,yes,southeast,2209,1339.5600000000002,1720.2,42969.85,42787.438,182.41249999999854
62,32.1,0,male,no,northeast,3844,1030.41,1990.2,13555.0,13733.357,178.357421875
38,34.8,2,female,no,southwest,1444,1211.0399999999997,1322.3999999999999,6571.54,7662.848,1091.30814453125
37,22.7,3,male,no,northeast,1369,515.29,839.9,6985.51,7143.42,157.90992187499978
35,30.5,1,male,no,southwest,1225,930.25,1067.5,4751.07,5796.9424,1045.8723828125003
64,39.7,0,female,no,southwest,4096,1576.0900000000001,2540.8,14319.03,13608.253,710.7770703125007
40,25.0,2,male,no,southeast,1600,625.0,1000.0,6593.51,7390.2744,796.7644140624998
19,33.1,0,female,yes,southeast,361,1095.6100000000001,628.9,34439.86,33754.305,685.5553125000006
37,47.6,2,female,yes,southwest,1369,2265.76,1761.2,46113.51,41250.176,4863.334218750002
46,48.1,2,female,no,northeast,2116,2313.61,2212.6,9432.93,9836.838,403.9078906249997
48,31.1,0,female,no,southeast,2304,967.21,1492.8000000000002,8280.62,10467.438,2186.818476562499
50,32.2,0,male,no,northwest,2500,1036.8400000000001,1610.0000000000002,8835.26,10404.049,1568.7888281249998
54,32.7,0,female,no,northeast,2916,1069.2900000000002,1765.8000000000002,10923.93,12029.572,1105.6422656249997
36,19.9,0,female,no,northeast,1296,396.00999999999993,716.4,5458.05,5176.798,281.2521484375002
57,31.8,0,female,no,northwest,3249,1011.24,1812.6000000000001,11842.62,12014.491,171.8712109374992
58,33.4,0,female,no,northwest,3364,1115.56,1937.1999999999998,12231.61,12014.491,217.11878906250058
57,31.2,0,female,yes,northwest,3249,973.4399999999999,1778.3999999999999,43578.94,41359.223,2219.7173437500023
44,31.4,1,male,yes,northeast,1936,985.9599999999999,1381.6,39556.49,40185.473,628.982656250002
51,33.3,3,male,no,southeast,2601,1108.8899999999999,1698.3,10560.49,11090.545,530.0549218750002
20,26.8,1,female,yes,southeast,400,718.24,536.0,17085.27,16937.783,147.48679687500044
25,23.5,0,female,no,northeast,625,552.25,587.5,3206.49,4292.2856,1085.7956445312502
21,20.2,3,male,no,northeast,441,408.03999999999996,424.2,3861.21,5202.142,1340.93208984375
31,25.9,1,male,no,northwest,961,670.81,802.9,4239.89,5225.01,985.1197656249997
18,39.2,0,female,no,southeast,324,1536.6400000000003,705.6,1633.04,3256.116,1623.075966796875
30,27.9,0,female,no,northeast,900,778.41,837.0,4137.52,4513.9126,376.39259765624956
58,22.8,0,female,no,southeast,3364,519.84,1322.4,11833.78,12110.135,276.35476562499935
43,30.7,2,female,no,northwest,1849,942.49,1320.1,8310.84,9209.168,898.3279687499999
32,17.8,2,female,yes,northwest,1024,316.84000000000003,569.6,32734.19,15852.505,16881.6851171875
21,26.4,1,female,no,southwest,441,696.9599999999999,554.4,2597.78,4272.988,1675.2077929687498
48,33.3,0,female,no,southeast,2304,1108.8899999999999,1598.3999999999999,8283.68,10480.9375,2197.2574999999997
47,19.6,1,male,no,northwest,2209,384.1600000000001,921.2,8428.07,9396.056,967.9856640625003
48,30.8,3,male,no,northeast,2304,948.6400000000001,1478.4,10141.14,10952.724,811.5836328125006
61,32.3,2,male,no,northwest,3721,1043.2899999999997,1970.2999999999997,14119.62,15564.583,1444.9630078124992
24,33.3,0,female,no,northwest,576,1108.8899999999999,799.1999999999999,2855.44,4357.4976,1502.05755859375
52,26.4,3,male,no,southeast,2704,696.9599999999999,1372.8,25992.82,12841.71,13151.1100390625
57,23.2,0,female,no,northwest,3249,538.24,1322.3999999999999,11830.61,12034.938,204.32847656249942
40,32.8,2,female,yes,northwest,1600,1075.84,1312.0,40003.33,38211.746,1791.5839062500017
55,27.6,0,male,no,northwest,3025,761.7600000000001,1518.0,10594.5,11894.857,1300.357421875
23,37.1,3,male,no,southwest,529,1376.41,853.3000000000001,3597.6,5957.5127,2359.9126953125
23,32.7,3,male,no,southwest,529,1069.2900000000002,752.1,3591.48,6282.8315,2691.35154296875
19,22.5,0,female,no,northwest,361,506.25,427.5,2117.34,2953.7021,836.3621484374999
31,36.3,2,male,yes,southwest,961,1317.6899999999998,1125.3,38711.0,39795.18,1084.1796875
25,41.3,0,female,no,northeast,625,1705.6899999999998,1032.5,17878.9,4183.7617,13695.138281250001
52,24.1,1,female,yes,northwest,2704,580.8100000000001,1253.2,23887.66,23245.703,641.9568749999999
53,33.3,0,female,no,northeast,2809,1108.8899999999999,1764.8999999999999,10564.88,12002.474,1437.5936328125008
32,29.6,1,female,no,southeast,1024,876.1600000000001,947.2,4562.84,5245.359,682.5188867187499
18,26.3,0,female,no,northeast,324,691.69,473.40000000000003,2198.19,3087.172,888.982119140625
18,30.1,0,male,no,southeast,324,906.0100000000001,541.8000000000001,1131.51,3414.0159,2282.505869140625
40,32.8,1,male,yes,northeast,1600,1075.84,1312.0,39125.33,38252.465,872.8651562500017
28,27.5,2,female,no,southwest,784,756.25,770.0,20177.67,6269.0864,13908.583574218748
59,27.8,3,female,no,southeast,3481,772.84,1640.2,14001.29,15044.2705,1042.9805078124991
62,38.1,2,female,no,northeast,3844,1451.6100000000001,2362.2000000000003,15230.32,15719.414,489.0940625000003
19,31.9,0,male,yes,northwest,361,1017.6099999999999,606.1,33750.29,33754.305,4.014687499999127
27,24.8,0,female,yes,southeast,729,615.0400000000001,669.6,16577.78,16994.47,416.69070312500116
36,29.9,0,female,no,southeast,1296,894.0099999999999,1076.3999999999999,4889.04,5028.9053,139.86527343750004
55,33.0,0,male,no,southeast,3025,1089.0,1815.0,20781.49,11888.982,8892.507578125002
25,29.7,3,male,yes,southwest,625,882.0899999999999,742.5,19933.46,19314.004,619.4560937499991
34,33.7,1,female,no,southwest,1156,1135.6900000000003,1145.8000000000002,5012.47,5866.0977,853.6276562499997
41,33.1,2,female,no,northwest,1681,1095.6100000000001,1357.1000000000001,7749.16,8070.6304,321.47037109375015
43,32.6,2,male,no,southwest,1849,1062.76,1401.8,7441.5,9157.239,1715.7392578125
23,28.1,0,female,no,northwest,529,789.6100000000001,646.3000000000001,2690.11,4274.6514,1584.5413671874999
38,38.4,3,male,yes,southeast,1444,1474.56,1459.2,41949.24,40523.844,1425.396249999998
43,26.7,2,female,yes,southwest,1849,712.89,1148.1,22478.6,22844.605,366.00546875000146
46,25.7,3,male,no,northwest,2116,660.49,1182.2,9301.89,8944.801,357.0892187499994
33,28.3,1,female,no,southeast,1089,800.89,933.9,4779.6,5752.833,973.2330078124996
39,26.3,2,female,no,northwest,1521,691.69,1025.7,7201.7,7429.8193,228.11933593750018
60,24.5,0,female,no,southeast,3600,600.25,1470.0,12629.9,13631.711,1001.8109375000004
18,38.3,0,female,no,southeast,324,1466.8899999999999,689.4,14133.04,3256.116,10876.924033203126
21,35.7,0,female,no,northwest,441,1274.4900000000002,749.7,2404.73,3312.861,908.131083984375
44,39.5,0,male,no,northwest,1936,1560.25,1738.0,6948.7,8598.07,1649.3703125000002
50,26.4,0,male,no,northwest,2500,696.9599999999999,1320.0,8827.21,10438.918,1611.7079687500009
18,30.3,0,female,no,northeast,324,918.09,545.4,2203.74,3584.6465,1380.9064843750002
25,28.6,0,female,no,northeast,625,817.96,715.0,3213.62,4408.122,1194.5020703125
46,42.4,3,male,yes,southeast,2116,1797.76,1950.3999999999999,46151.12,43715.227,2435.8934375000026
44,43.9,2,female,yes,southeast,1936,1927.2099999999998,1931.6,46200.99,43525.766,2675.224374999998
64,25.6,2,male,no,southwest,4096,655.3600000000001,1638.4,14988.43,14838.706,149.7239453125003
51,30.0,1,male,no,southeast,2601,900.0,1530.0,9377.9,10494.374,1116.4740234375004
64,33.9,0,male,yes,southeast,4096,1149.2099999999998,2169.6,46889.26,42980.74,3908.521718750002
50,31.8,0,male,yes,northeast,2500,1011.24,1590.0,41097.16,40419.58,677.5818750000035
51,18.1,0,female,no,northwest,2601,327.61000000000007,923.1,9644.25,9634.385,9.865234375
18,33.5,0,male,yes,northeast,324,1122.25,603.0,34617.84,33697.56,920.2814062499965
30,24.1,1,male,no,northwest,900,580.8100000000001,723.0,4032.24,5225.01,1192.7697656250002
62,38.8,0,male,no,southeast,3844,1505.4399999999998,2405.6,12981.35,13589.267,607.9166015624996
34,30.8,0,male,yes,southwest,1156,948.6400000000001,1047.2,35491.64,37493.23,2001.5904687500006
26,30.9,2,male,no,northwest,676,954.81,803.4,3877.3,6348.586,2471.2859375
42,34.1,0,male,no,southwest,1764,1162.8100000000002,1432.2,5979.73,6765.593,785.8627734375004
57,18.3,0,male,no,northeast,3249,334.89000000000004,1043.1000000000001,11534.87,10909.384,625.4862109375008
48,28.9,0,female,no,southwest,2304,835.2099999999999,1387.1999999999998,8277.52,10448.567,2171.0473828124996
60,18.3,0,female,no,northeast,3600,334.89000000000004,1098.0,13204.29,12584.365,619.9247656250009
18,36.9,0,female,no,southeast,324,1361.61,664.1999999999999,1629.83,3256.116,1626.285966796875
25,34.5,0,female,no,northwest,625,1190.25,862.5,3021.81,4081.5813,1059.771298828125
26,29.9,1,female,no,southeast,676,894.0099999999999,777.4,3392.98,5153.99,1761.010234375
22,34.8,3,male,no,southwest,484,1211.0399999999997,765.5999999999999,3443.06,5311.856,1868.79595703125
26,31.1,0,male,no,northwest,676,967.21,808.6,2699.57,4340.2427,1640.6726757812498
29,29.6,1,male,no,northeast,841,876.1600000000001,858.4000000000001,20277.81,5324.152,14953.658144531251
50,25.6,0,female,no,southwest,2500,655.3600000000001,1280.0,8932.08,10796.799,1864.718828125
19,25.2,0,male,no,northwest,361,635.04,478.8,1632.04,2936.4473,1304.407265625
49,22.6,1,female,no,northwest,2401,510.76000000000005,1107.4,9566.99,9974.771,407.7814843750002
25,24.3,3,female,no,southwest,625,590.49,607.5,4391.65,6245.486,1853.8358398437504
40,35.3,3,male,no,southwest,1600,1246.0899999999997,1412.0,7196.87,8018.701,821.8311718750001
18,29.2,0,female,no,northeast,324,852.64,525.6,7323.73,3505.8293,3817.9006542968746
43,30.1,3,male,no,northwest,1849,906.0100000000001,1294.3,8410.05,9382.923,972.8728515625007
19,31.8,1,female,no,northwest,361,1011.24,604.2,2719.28,4387.2593,1667.9792773437498
56,28.6,0,female,no,northeast,3136,817.96,1601.6000000000001,11658.12,12029.572,371.4522656249992
60,28.9,0,male,no,southwest,3600,835.2099999999999,1734.0,12146.97,13359.714,1212.7438671875007
58,31.8,2,female,no,northeast,3364,1011.24,1844.4,13607.37,13054.274,553.0955859375008
52,34.5,3,male,yes,northwest,2704,1190.25,1794.0,60021.4,41676.367,18345.0328125
18,21.6,0,male,yes,northeast,324,466.56000000000006,388.8,13747.87,15593.876,1846.0059765624992
57,22.2,0,female,no,northeast,3249,492.84,1265.3999999999999,12029.29,11200.707,828.5829687500009
31,30.5,3,female,no,northeast,961,930.25,945.5,6113.23,6516.8276,403.59763671875044
40,28.7,3,female,no,northwest,1600,823.6899999999999,1148.0,8059.68,7474.259,585.4212109375003
50,32.1,2,male,no,northeast,2500,1030.41,1605.0,25333.33,11150.222,14183.108320312502
20,35.6,3,male,yes,northwest,400,1267.3600000000001,712.0,37465.34,34182.71,3282.6290624999965
63,35.1,0,male,yes,southeast,3969,1232.01,2211.3,47055.53,42980.74,4074.791718749999
56,33.7,4,male,no,southeast,3136,1135.6900000000003,1887.2000000000003,12949.16,13408.623,459.46304687500015
64,40.5,0,male,no,southeast,4096,1640.25,2592.0,13831.12,13542.846,288.2742968750008
63,36.3,0,female,no,southeast,3969,1317.6899999999998,2286.8999999999996,13887.2,13899.393,12.192578124999272
22,34.6,2,female,no,northeast,484,1197.16,761.2,3925.76,5545.852,1620.0920507812498
61,36.3,1,male,yes,southwest,3721,1317.6899999999998,2214.2999999999997,47403.88,44462.45,2941.4307812499974
47,24.3,0,female,no,northeast,2209,590.49,1142.1000000000001,8534.67,9468.98,934.3104687499999
