age,bmi,children,gender,discount_eligibility,region,age_squared,bmi_squared,age_bmi,actual_premium,predicted_premium,absolute_error
49,22.5,0,male,no,northeast,2401,506.25,1102.5,173.7772,194.67036,20.89316437988282
29,25.6,4,female,no,southwest,841,655.3600000000001,742.4000000000001,57.0887,80.28784,23.199141796874997
51,36.4,3,female,no,northwest,2601,1324.9599999999998,1856.3999999999999,228.7348,226.3773,2.3574959228515695
31,34.4,3,male,yes,northwest,961,1183.36,1066.3999999999999,774.9272,697.7813,77.14588896484372
31,38.4,2,male,no,southeast,961,1474.56,1190.3999999999999,89.2642,85.76692,3.49727800292969
49,37.5,2,male,no,southeast,2401,1406.25,1837.5,186.094,214.53166,28.437661987304693
23,36.7,2,female,yes,northeast,529,1346.89,844.1,385.1163,349.72934,35.38696040039065
22,24.3,0,female,no,southwest,484,590.49,534.6,21.5047,30.755049,9.250348751831055
43,35.6,1,female,no,southeast,1849,1267.3600000000001,1530.8,146.9146,170.48813,23.573528662109368
49,28.7,3,male,no,northwest,2401,823.6899999999999,1406.3,205.2888,217.26726,11.978457690429678
61,21.1,0,female,no,northwest,3721,445.21000000000004,1287.1000000000001,536.6016,549.5742,12.972618750000038
52,27.4,0,male,yes,northwest,2704,750.7599999999999,1424.8,487.8724,474.0973,13.775109960937527
32,33.6,1,male,yes,northeast,1024,1128.96,1075.2,752.1506,695.5453,56.605311914062554
61,44.0,0,female,no,southwest,3721,1936.0,2684.0,522.5552,533.5179,10.962683300781237
35,38.1,2,female,no,northeast,1225,1451.6100000000001,1333.5,498.301,141.64761,356.65338647460936
45,28.7,2,male,no,southwest,2025,823.6899999999999,1291.5,160.5594,187.61983,27.0604272705078
20,33.0,1,male,no,southwest,400,1089.0,660.0,19.8007,45.43076,25.63005942993164
36,35.2,1,male,yes,southeast,1296,1239.0400000000002,1267.2,774.1836,743.6898,30.493780664062456
26,23.7,2,male,no,southwest,676,561.6899999999999,616.1999999999999,34.8433,65.130005,30.2867048828125
29,29.6,1,female,no,southeast,841,876.1600000000001,858.4000000000001,39.4741,54.462315,14.98821460571289
20,33.0,0,female,no,southeast,400,1089.0,660.0,18.8007,36.937527,18.13682670288086
36,28.0,1,male,yes,northeast,1296,784.0,1008.0,415.4726,445.04062,29.568018896484375
49,42.7,2,female,no,southeast,2401,1823.2900000000002,2092.3,196.0178,217.09688,21.07907805175782
39,28.3,1,male,yes,southwest,1521,800.89,1103.7,421.6432,473.58365,51.940448681640646
33,35.5,0,female,yes,northwest,1089,1260.25,1171.5,1102.708,704.60876,398.0992353515626
21,33.6,2,female,no,northwest,441,1128.96,705.6,35.7983,72.658066,36.85976579589844
42,40.4,2,female,yes,southeast,1764,1632.1599999999999,1696.8,877.9276,849.40936,28.518237207031234
60,32.8,0,male,yes,southwest,3600,1075.84,1967.9999999999998,1051.8166,870.76526,181.0513412109376
49,30.8,1,female,no,northeast,2401,948.6400000000001,1509.2,195.567,213.77533,18.208329589843743
48,35.6,4,male,no,northeast,2304,1267.3600000000001,1708.8000000000002,214.7374,226.86116,12.123760278320304
31,31.1,0,female,no,northeast,961,967.21,964.1,86.9404,72.12919,14.81121146240234
50,37.1,1,male,no,southeast,2500,1376.41,1855.0,180.9606,206.89706,25.936464208984376
18,23.3,1,male,no,southeast,324,542.89,419.40000000000003,17.1103,40.121346,23.011045520019533
59,27.5,1,male,no,southwest,3481,756.25,1622.5,246.6766,254.20572,7.529118994140617
54,47.4,0,female,yes,southeast,2916,2246.7599999999998,2559.6,1275.4086,863.51636,411.892242578125
51,34.2,1,female,no,southwest,2601,1169.64,1744.2,197.454,206.07098,8.616983886718742
19,28.6,5,female,no,southwest,361,817.96,543.4,46.878,63.141365,16.26336505126953
30,20.0,3,female,no,northwest,900,400.0,600.0,56.9343,69.50218,12.567882006835937
53,20.9,0,male,yes,southeast,2809,436.80999999999995,1107.6999999999998,423.9164,445.5902,21.67380996093749
46,28.1,1,female,no,southeast,2116,789.6100000000001,1292.6000000000001,164.662,185.16843,20.50642651367187
22,39.8,0,female,no,northeast,484,1584.0399999999997,875.5999999999999,27.5502,28.963572,1.4133715484619138
43,20.0,2,female,yes,northeast,1849,400.0,860.0,395.961,348.63776,47.32324365234376
43,36.0,3,male,yes,southeast,1849,1296.0,1548.0,842.4904,807.5765,34.91392294921877
51,32.3,1,male,no,northeast,2601,1043.2899999999997,1647.3,199.2812,208.10887,8.827671459960925
46,20.0,2,female,no,northwest,2116,400.0,920.0,183.8768,166.15297,17.72383063964844
28,25.8,0,female,no,southwest,784,665.64,722.4,31.6145,41.589962,9.975462005615235
18,40.3,0,female,no,northeast,324,1624.0899999999997,725.4,22.176,28.760868,6.584868072509767
43,29.9,1,female,no,southwest,1849,894.0099999999999,1285.7,146.755,214.81567,68.060673828125
28,25.9,1,female,no,northwest,784,670.81,725.1999999999999,41.3364,55.28416,13.947760614013674
39,32.3,2,male,no,southeast,1521,1043.2899999999997,1259.6999999999998,126.7616,144.34035,17.57874729003906
28,33.0,2,female,no,southeast,784,1089.0,924.0,43.4946,71.03667,27.54206687011719
39,42.7,0,male,no,northeast,1521,1823.2900000000002,1665.3000000000002,115.1482,158.06564,42.91744331054687
43,25.3,1,female,yes,northeast,1849,640.09,1087.9,435.4268,447.0341,11.60728813476561
20,33.3,0,male,no,southeast,400,1108.8899999999999,666.0,13.9153,36.55839,22.64309157104492
42,35.8,2,male,no,southwest,1764,1281.6399999999999,1503.6,143.2018,152.13174,8.929944384765633
44,30.7,2,male,no,southeast,1936,942.49,1350.8,154.6286,184.13638,29.50778305664062
51,27.7,1,male,no,northeast,2601,767.29,1412.7,199.1544,221.56917,22.414768090820303
25,22.5,1,female,no,northwest,625,506.25,562.5,35.9417,55.182835,19.241134625244143
33,35.8,1,male,yes,southeast,1089,1281.6399999999999,1181.3999999999999,765.655,755.17236,10.482636718749973
41,30.6,2,male,no,northwest,1681,936.3600000000001,1254.6000000000001,145.1344,144.9964,0.1380010742187494
49,41.5,4,female,no,southeast,2401,1722.25,2033.5,219.5442,232.25351,12.709309521484386
35,34.2,1,female,no,southeast,1225,1169.64,1197.0,104.9046,112.23401,7.329408789062498
52,31.7,2,female,no,northwest,2704,1004.89,1648.3999999999999,223.7532,261.90765,38.15445380859376
18,26.1,0,male,no,northeast,324,681.21,469.8,17.0893,26.484612,9.395311511230467
52,44.7,3,female,no,southwest,2704,1998.0900000000001,2324.4,228.2338,262.95093,34.717127734375
53,23.8,2,female,no,northeast,2809,566.44,1261.4,234.5936,257.92987,23.33627060546874
38,37.1,1,male,no,northeast,1444,1376.41,1409.8,121.5934,144.58893,22.995528222656247
43,27.8,0,male,yes,southwest,1849,772.84,1195.4,756.5944,469.39935,287.1950469726562
19,27.7,0,male,yes,southwest,361,767.29,526.3,162.9785,158.55937,4.419128051757809
62,36.9,1,female,no,northeast,3844,1361.61,2287.7999999999997,1264.8,603.64343,661.1565673828125
52,18.3,0,female,no,northwest,2704,334.89000000000004,951.6,199.8208,215.61134,15.790543383789071
18,30.1,0,female,no,northeast,324,906.0100000000001,541.8000000000001,22.0347,32.728657,10.693956768798827
41,23.9,1,male,no,northeast,1681,571.2099999999999,979.9,137.1696,139.33241,2.16281271972656
21,16.8,1,female,no,northeast,441,282.24,352.8,31.6746,37.810482,6.135882025146483
55,29.0,0,male,no,northeast,3025,841.0,1595.0,215.927,228.08182,12.154817626953133
19,18.6,0,female,no,southwest,361,345.96000000000004,353.40000000000003,17.289,27.336702,10.047702346801756
61,43.4,0,male,no,southwest,3721,1883.56,2647.4,502.962,528.9174,25.95541943359376
33,35.8,2,male,no,southeast,1089,1281.6399999999999,1181.3999999999999,97.8,115.6488,17.848803710937503
49,21.3,1,female,no,southwest,2401,453.69000000000005,1043.7,183.6434,190.26326,6.6198598876952985
60,28.6,0,male,no,northeast,3600,817.96,1716.0,605.2,242.52415,362.6758453369141
27,30.6,1,female,no,northeast,729,936.3600000000001,826.2,167.9641,57.158863,110.80523693237305
52,46.8,5,female,no,southeast,2704,2190.24,2433.6,251.8506,272.6422,20.791611914062514
60,37.0,0,male,no,northeast,3600,1369.0,2220.0,254.8234,262.0602,7.236811181640633
43,35.3,2,male,no,southeast,1849,1246.0899999999997,1517.8999999999999,376.123,180.184,195.9389942626953
63,27.7,0,female,yes,northeast,3969,767.29,1745.1,1180.9268,1089.9083,91.01847480468746
59,29.7,2,male,no,southeast,3481,882.0899999999999,1752.3,258.5178,262.6228,4.1050027343749775
30,25.5,0,male,no,northeast,900,650.25,765.0,36.4509,41.999886,5.548985559082034
18,29.4,1,male,no,southeast,324,864.3599999999999,529.1999999999999,17.1944,45.83969,28.645291162109373
20,40.5,0,male,no,northeast,400,1640.25,810.0,19.8445,29.421917,9.577416961669922
23,32.6,0,male,no,southeast,529,1062.76,749.8000000000001,18.2429,42.559277,24.316376580810548
60,33.1,3,male,no,southeast,3600,1095.6100000000001,1986.0,278.3964,412.86722,134.4708180175781
30,23.7,3,female,yes,northwest,900,561.6899999999999,711.0,187.6588,187.17683,0.4819658935547011
28,24.3,5,male,no,southwest,784,590.49,680.4,56.1537,69.00378,12.850076550292968
21,31.1,0,male,no,southwest,441,967.21,653.1,15.2631,31.797194,16.53409352722168
19,28.9,0,female,no,southwest,361,835.2099999999999,549.1,17.4321,31.372332,13.940231619262697
53,34.1,0,male,yes,northeast,2809,1162.8100000000002,1807.3000000000002,865.0884,830.52136,34.56703769531248
53,41.5,0,male,no,southeast,2809,1722.25,2199.5,190.0862,228.56616,38.47996210937501
46,27.7,1,female,no,southeast,2116,767.29,1274.2,164.6528,236.86511,72.21231230468749
22,33.8,0,male,no,southeast,484,1142.4399999999998,743.5999999999999,16.7463,37.121754,20.37545369262695
45,24.0,2,male,no,northeast,2025,576.0,1080.0,172.0896,183.06529,10.975692358398447
63,31.8,0,female,no,southwest,3969,1011.24,2003.4,555.238,529.1246,26.113427246093806
56,36.1,3,male,no,southwest,3136,1303.21,2021.6000000000001,247.271,266.63977,19.368770507812513
53,22.9,1,female,yes,southeast,2809,524.41,1213.6999999999998,464.8958,456.88107,8.014727001953133
53,36.6,3,male,no,southwest,2809,1339.5600000000002,1939.8000000000002,225.2908,258.25647,32.96566972656251
35,34.1,3,female,yes,northwest,1225,1162.8100000000002,1193.5,799.6686,755.1913,44.47731582031247
19,21.8,0,male,no,northwest,361,475.24,414.2,16.2728,28.487041,12.214241473388672
34,31.9,1,female,yes,northeast,1156,1017.6099999999999,1084.6,754.0376,703.81744,50.22015615234375
21,25.7,4,male,yes,southwest,441,660.49,539.6999999999999,179.4211,161.05067,18.370425561523433
55,33.5,2,female,no,northwest,3025,1122.25,1842.5,245.3938,264.4529,19.059111376953126
35,27.1,1,male,no,southwest,1225,734.4100000000001,948.5,94.9268,113.75556,18.82876182861328
37,30.8,2,female,no,southeast,1369,948.6400000000001,1139.6000000000001,126.2752,131.40771,5.132514843750002
58,27.2,0,female,no,northwest,3364,739.8399999999999,1577.6,244.458,248.15062,3.692619506835939
34,33.3,1,female,no,northeast,1156,1108.8899999999999,1132.1999999999998,111.897,120.11798,8.220980957031244
33,36.3,3,female,no,northeast,1089,1317.6899999999998,1197.8999999999999,131.035,121.24465,9.790348205566403
22,39.5,0,male,no,southwest,484,1560.25,869.0,16.826,28.140186,11.314186309814453
24,35.9,0,male,no,southeast,576,1288.81,861.5999999999999,19.8693,35.7188,15.849499591064454
19,25.7,1,female,no,northwest,361,660.49,488.3,27.1083,41.6385,14.530200213623047
18,33.3,0,male,no,southeast,324,1108.8899999999999,599.4,11.3594,34.516388,23.156987939453124
23,41.9,0,male,no,southeast,529,1755.61,963.6999999999999,18.3728,33.089653,14.716853015136717
50,23.5,2,female,no,southeast,2500,552.25,1175.0,202.1444,210.68715,8.542749047851572
55,35.2,0,female,yes,southeast,3025,1239.0400000000002,1936.0000000000002,888.476,831.2141,57.261888671875
33,35.2,0,male,no,northeast,1089,1239.0400000000002,1161.6000000000001,248.0976,110.31776,137.77984334716797
44,38.1,1,male,no,southeast,1936,1451.6100000000001,1676.4,143.0534,180.09863,37.04523281249999
35,34.3,3,male,no,southeast,1225,1176.4899999999998,1200.5,118.6876,120.767395,2.0797950195312467
45,27.6,1,female,no,northwest,2025,761.7600000000001,1242.0,566.8038,164.05855,402.7452520263672
41,32.2,2,male,no,southwest,1681,1036.8400000000001,1320.2,137.5192,154.35263,16.833430615234363
25,23.9,5,male,no,southwest,625,571.2099999999999,597.5,50.801,67.633675,16.83267462158203
61,28.2,0,female,no,southwest,3721,795.24,1720.2,521.6768,535.9089,14.232074511718793
24,40.2,0,male,yes,southeast,576,1616.0400000000002,964.8000000000001,381.2625,359.29114,21.97136230468749
63,37.7,0,female,yes,southwest,3969,1421.2900000000002,2375.1000000000004,1952.978,1734.3235,218.65451367187507
61,29.1,0,female,yes,northwest,3721,846.8100000000001,1775.1000000000001,1165.6544,1143.8365,21.817852148437396
45,38.3,0,female,no,northeast,2025,1466.8899999999999,1723.4999999999998,158.7058,188.1731,29.46729570312499
25,25.7,0,male,no,southeast,625,660.49,642.5,21.3765,38.757336,17.380835662841797
50,28.1,3,female,no,northwest,2500,789.6100000000001,1405.0,221.7118,224.92914,3.217338183593739
33,38.9,3,female,no,southwest,1089,1513.2099999999998,1283.7,119.4476,154.11234,34.66473520507813
18,31.4,4,female,no,northeast,324,985.9599999999999,565.1999999999999,45.6119,87.129074,41.51717409667969
44,39.0,0,female,yes,northwest,1936,1521.0,1716.0,859.6692,864.972,5.302784863281204
44,20.2,1,female,yes,northeast,1936,408.03999999999996,888.8,391.8962,354.81186,37.08434086914065
19,28.9,0,female,yes,northwest,361,835.2099999999999,549.1,177.4851,161.25288,16.232216088867176
24,34.0,0,female,no,southeast,576,1156.0,816.0,24.7333,36.980545,12.247245043945313
32,29.8,2,female,no,southwest,1024,888.0400000000001,953.6,103.0426,97.40897,5.633626306152337
26,29.4,2,female,no,northeast,676,864.3599999999999,764.4,45.6419,74.93675,29.294852319335938
43,46.2,0,female,yes,southeast,1849,2134.44,1986.6000000000001,917.2642,856.1165,61.14768388671871
54,25.5,1,male,no,northeast,2916,650.25,1377.0,510.3422,236.0699,274.2722994873047
18,41.1,0,male,no,southeast,324,1689.21,739.8000000000001,11.468,26.625097,15.157097274780273
39,32.8,0,female,no,southwest,1521,1075.84,1279.1999999999998,112.9944,180.74232,67.74792482910156
33,42.5,1,male,no,southeast,1089,1806.25,1402.5,226.5342,109.42184,117.11236314697265
44,27.5,1,female,no,southwest,1936,756.25,1210.0,152.5398,164.53947,11.999674487304674
47,36.6,1,female,yes,southeast,2209,1339.5600000000002,1720.2,859.397,842.9246,16.472378417968798
62,32.1,0,male,no,northeast,3844,1030.41,1990.2,542.2,518.724,23.476000976562545
38,34.8,2,female,no,southwest,1444,1211.0399999999997,1322.3999999999999,131.4308,140.94894,9.51814409179687
37,22.7,3,male,no,northeast,1369,515.29,839.9,139.7102,143.84354,4.133336376953139
35,30.5,1,male,no,southwest,1225,930.25,1067.5,95.0214,112.15033,17.12892958984375
64,39.7,0,female,no,southwest,4096,1576.0900000000001,2540.8,572.7612,532.7233,40.03787236328128
40,25.0,2,male,no,southeast,1600,625.0,1000.0,131.8702,141.40175,9.531548657226551
19,33.1,0,female,yes,southeast,361,1095.6100000000001,628.9,344.3986,324.93396,19.464640039062488
37,47.6,2,female,yes,southwest,1369,2265.76,1761.2,922.2702,853.4639,68.8062717773438
46,48.1,2,female,no,northeast,2116,2313.61,2212.6,188.6586,197.11522,8.45661911621093
48,31.1,0,female,no,southeast,2304,967.21,1492.8000000000002,165.6124,208.43594,42.82354360351562
50,32.2,0,male,no,northwest,2500,1036.8400000000001,1610.0000000000002,176.7052,204.93228,28.227081494140634
54,32.7,0,female,no,northeast,2916,1069.2900000000002,1765.8000000000002,218.4786,243.5936,25.114997412109375
36,19.9,0,female,no,northeast,1296,396.00999999999993,716.4,109.161,139.92574,30.76473547363281
57,31.8,0,female,no,northwest,3249,1011.24,1812.6000000000001,236.8524,243.98743,7.135026757812511
58,33.4,0,female,no,northwest,3364,1115.56,1937.1999999999998,244.6322,243.35,1.2821938964843866
57,31.2,0,female,yes,northwest,3249,973.4399999999999,1778.3999999999999,871.5788,829.97595,41.6028478515625
44,31.4,1,male,yes,northeast,1936,985.9599999999999,1381.6,791.1298,809.47406,18.344260058593704
51,33.3,3,male,no,southeast,2601,1108.8899999999999,1698.3,211.2098,222.1854,10.975594287109374
20,26.8,1,female,yes,southeast,400,718.24,536.0,170.8527,158.55937,12.293328051757811
25,23.5,0,female,no,northeast,625,552.25,587.5,32.0649,41.660538,9.595637719726561
21,20.2,3,male,no,northeast,441,408.03999999999996,424.2,38.6121,58.327435,19.715334539794924
31,25.9,1,male,no,northwest,961,670.81,802.9,84.7978,79.90449,4.893312390136714
18,39.2,0,female,no,southeast,324,1536.6400000000003,705.6,16.3304,26.991095,10.660694589233398
30,27.9,0,female,no,northeast,900,778.41,837.0,41.3752,42.835148,1.459947857666016
58,22.8,0,female,no,southeast,3364,519.84,1322.4,236.6756,248.71954,12.043943457031247
43,30.7,2,female,no,northwest,1849,942.49,1320.1,166.2168,182.75421,16.537411425781244
32,17.8,2,female,yes,northwest,1024,316.84000000000003,569.6,654.6838,307.80576,346.87804438476564
21,26.4,1,female,no,southwest,441,696.9599999999999,554.4,25.9778,39.263508,13.28570784301758
48,33.3,0,female,no,southeast,2304,1108.8899999999999,1598.3999999999999,165.6736,209.02797,43.35436936035157
47,19.6,1,male,no,northwest,2209,384.1600000000001,921.2,168.5614,178.34344,9.782044824218758
48,30.8,3,male,no,northeast,2304,948.6400000000001,1478.4,202.8228,217.11931,14.296508471679687
61,32.3,2,male,no,northwest,3721,1043.2899999999997,1970.2999999999997,564.7848,778.1895,213.40471416015623
24,33.3,0,female,no,northwest,576,1108.8899999999999,799.1999999999999,28.5544,45.68651,17.132108178710936
52,26.4,3,male,no,southeast,2704,696.9599999999999,1372.8,519.8564,259.67233,260.18406723632813
57,23.2,0,female,no,northwest,3249,538.24,1322.3999999999999,236.6122,244.04272,7.430524609374999
40,32.8,2,female,yes,northwest,1600,1075.84,1312.0,800.0666,742.9317,57.134898339843744
55,27.6,0,male,no,northwest,3025,761.7600000000001,1518.0,211.89,235.29124,23.40124450683595
23,37.1,3,male,no,southwest,529,1376.41,853.3000000000001,35.976,58.43116,22.455159973144532
23,32.7,3,male,no,southwest,529,1069.2900000000002,752.1,35.9148,68.24171,32.32690684814453
19,22.5,0,female,no,northwest,361,506.25,427.5,21.1734,30.950577,9.777176782226562
31,36.3,2,male,yes,southwest,961,1317.6899999999998,1125.3,774.22,711.28064,62.93936035156253
25,41.3,0,female,no,northeast,625,1705.6899999999998,1032.5,178.789,35.466816,143.32218405151366
52,24.1,1,female,yes,northwest,2704,580.8100000000001,1253.2,477.7532,453.91565,23.837550585937493
53,33.3,0,female,no,northeast,2809,1108.8899999999999,1764.8999999999999,211.2976,244.23827,32.94066599121095
32,29.6,1,female,no,southeast,1024,876.1600000000001,947.2,91.2568,94.49828,3.2414833862304704
18,26.3,0,female,no,northeast,324,691.69,473.40000000000003,21.9819,27.496368,5.5144684082031254
18,30.1,0,male,no,southeast,324,906.0100000000001,541.8000000000001,11.3151,31.065437,19.75033731689453
40,32.8,1,male,yes,northeast,1600,1075.84,1312.0,782.5066,743.16284,39.34375820312505
28,27.5,2,female,no,southwest,784,756.25,770.0,201.7767,66.44379,135.33291337890626
59,27.8,3,female,no,southeast,3481,772.84,1640.2,280.0258,280.3567,0.3308894531249962
62,38.1,2,female,no,northeast,3844,1451.6100000000001,2362.2000000000003,609.2128,552.9374,56.275422070312516
19,31.9,0,male,yes,northwest,361,1017.6099999999999,606.1,337.5029,324.93396,12.568940039062511
27,24.8,0,female,yes,southeast,729,615.0400000000001,669.6,165.7778,197.01782,31.240022265624987
36,29.9,0,female,no,southeast,1296,894.0099999999999,1076.3999999999999,97.7808,105.82753,8.046729907226563
55,33.0,0,male,no,southeast,3025,1089.0,1815.0,415.6298,229.89435,185.73545185546874
25,29.7,3,male,yes,southwest,625,882.0899999999999,742.5,199.3346,213.68488,14.350275488281255
34,33.7,1,female,no,southwest,1156,1135.6900000000003,1145.8000000000002,100.2494,114.30836,14.058957238769537
41,33.1,2,female,no,northwest,1681,1095.6100000000001,1357.1000000000001,154.9832,159.16081,4.177612377929677
43,32.6,2,male,no,southwest,1849,1062.76,1401.8,148.83,173.90855,25.078554077148425
23,28.1,0,female,no,northwest,529,789.6100000000001,646.3000000000001,26.9011,40.663406,13.762306372070313
38,38.4,3,male,yes,southeast,1444,1474.56,1459.2,838.9848,832.671,6.31377949218745
43,26.7,2,female,yes,southwest,1849,712.89,1148.1,449.572,456.2376,6.665609863281247
46,25.7,3,male,no,northwest,2116,660.49,1182.2,186.0378,177.11417,8.92363374023438
33,28.3,1,female,no,southeast,1089,800.89,933.9,95.592,107.99662,12.404620178222658
39,26.3,2,female,no,northwest,1521,691.69,1025.7,144.034,142.60962,1.4243808593749918
60,24.5,0,female,no,southeast,3600,600.25,1470.0,252.598,279.95636,27.358359863281237
18,38.3,0,female,no,southeast,324,1466.8899999999999,689.4,141.3304,27.538694,113.79170561828613
21,35.7,0,female,no,northwest,441,1274.4900000000002,749.7,24.0473,29.101448,5.054148059082031
44,39.5,0,male,no,northwest,1936,1560.25,1738.0,138.974,174.77434,35.8003377685547
50,26.4,0,male,no,northwest,2500,696.9599999999999,1320.0,176.5442,223.46886,46.92465681152345
18,30.3,0,female,no,northeast,324,918.09,545.4,22.0374,32.728657,10.691256768798826
25,28.6,0,female,no,northeast,625,817.96,715.0,32.1362,41.573917,9.437717388916013
46,42.4,3,male,yes,southeast,2116,1797.76,1950.3999999999999,923.0224,865.9612,57.06121835937495
44,43.9,2,female,yes,southeast,1936,1927.2099999999998,1931.6,924.0198,860.79224,63.22756367187503
64,25.6,2,male,no,southwest,4096,655.3600000000001,1638.4,599.5372,695.24963,95.71243378906252
51,30.0,1,male,no,southeast,2601,900.0,1530.0,187.558,205.17894,17.620939819335945
64,33.9,0,male,yes,southeast,4096,1149.2099999999998,2169.6,1875.5704,1736.7794,138.79098105468756
50,31.8,0,male,yes,northeast,2500,1011.24,1590.0,821.9432,808.8715,13.071679003906297
51,18.1,0,female,no,northwest,2601,327.61000000000007,923.1,192.885,189.56178,3.3232171630859284
18,33.5,0,male,yes,northeast,324,1122.25,603.0,346.1784,324.93396,21.24444003906251
30,24.1,1,male,no,northwest,900,580.8100000000001,723.0,40.3224,54.71266,14.39026174316406
62,38.8,0,male,no,southeast,3844,1505.4399999999998,2405.6,519.254,509.04404,10.209963134765644
34,30.8,0,male,yes,southwest,1156,948.6400000000001,1047.2,709.8328,692.6286,17.20419892578127
26,30.9,2,male,no,northwest,676,954.81,803.4,38.773,72.64484,33.87183642578125
42,34.1,0,male,no,southwest,1764,1162.8100000000002,1432.2,119.5946,142.54929,22.954685888671875
57,18.3,0,male,no,northeast,3249,334.89000000000004,1043.1000000000001,230.6974,204.52925,26.168148901367175
48,28.9,0,female,no,southwest,2304,835.2099999999999,1387.1999999999998,165.5504,211.88193,46.33152749023438
60,18.3,0,female,no,northeast,3600,334.89000000000004,1098.0,264.0858,257.63144,6.454360791015631
18,36.9,0,female,no,southeast,324,1361.61,664.1999999999999,16.2983,27.31104,11.012740878295897
25,34.5,0,female,no,northwest,625,1190.25,862.5,30.2181,37.32631,7.108209204101563
26,29.9,1,female,no,southeast,676,894.0099999999999,777.4,33.9298,54.7289,20.799100909423828
22,34.8,3,male,no,southwest,484,1211.0399999999997,765.5999999999999,34.4306,57.810356,23.37975614013672
26,31.1,0,male,no,northwest,676,967.21,808.6,26.9957,40.994404,13.998703839111329
29,29.6,1,male,no,northeast,841,876.1600000000001,858.4000000000001,202.7781,55.880516,146.8975839477539
50,25.6,0,female,no,southwest,2500,655.3600000000001,1280.0,178.6416,272.19772,93.55612338867186
19,25.2,0,male,no,northwest,361,635.04,478.8,16.3204,26.301239,9.980839013671876
49,22.6,1,female,no,northwest,2401,510.76000000000005,1107.4,191.3398,200.21289,8.873090625000003
25,24.3,3,female,no,southwest,625,590.49,607.5,43.9165,66.67906,22.76256188964844
40,35.3,3,male,no,southwest,1600,1246.0899999999997,1412.0,143.9374,152.95265,9.015251977539066
18,29.2,0,female,no,northeast,324,852.64,525.6,73.2373,31.95135,41.28595074157715
43,30.1,3,male,no,northwest,1849,906.0100000000001,1294.3,168.201,185.63242,17.43141577148438
19,31.8,1,female,no,northwest,361,1011.24,604.2,27.1928,47.152473,19.959673449707033
56,28.6,0,female,no,northeast,3136,817.96,1601.6000000000001,233.1624,243.31834,10.155944116210947
60,28.9,0,male,no,southwest,3600,835.2099999999999,1734.0,242.9394,240.98842,1.9509814208984437
58,31.8,2,female,no,northeast,3364,1011.24,1844.4,272.1474,264.39413,7.75326547851563
52,34.5,3,male,yes,northwest,2704,1190.25,1794.0,1200.428,831.50964,368.9183564453126
18,21.6,0,male,yes,northeast,324,466.56000000000006,388.8,137.4787,148.51988,11.041182202148434
57,22.2,0,female,no,northeast,3249,492.84,1265.3999999999999,240.5858,225.78151,14.804290600585944
31,30.5,3,female,no,northeast,961,930.25,945.5,122.2646,93.110344,29.154256066894533
40,28.7,3,female,no,northwest,1600,823.6899999999999,1148.0,161.1936,145.5191,15.674495996093754
50,32.1,2,male,no,northeast,2500,1030.41,1605.0,506.6666,220.04213,286.62447048339845
20,35.6,3,male,yes,northwest,400,1267.3600000000001,712.0,374.6534,332.90515,41.748248632812476
63,35.1,0,male,yes,southeast,3969,1232.01,2211.3,1882.2212,1734.3235,147.89771367187495
56,33.7,4,male,no,southeast,3136,1135.6900000000003,1887.2000000000003,258.9832,253.26653,5.716674731445323
64,40.5,0,male,no,southeast,4096,1640.25,2592.0,553.2448,521.32153,31.923266796875055
63,36.3,0,female,no,southeast,3969,1317.6899999999998,2286.8999999999996,555.488,523.09296,32.395043457031306
22,34.6,2,female,no,northeast,484,1197.16,761.2,39.2576,66.520226,27.262625524902347
61,36.3,1,male,yes,southwest,3721,1317.6899999999998,2214.2999999999997,1896.1552,1765.2249,130.93034648437492
47,24.3,0,female,no,northeast,2209,590.49,1142.1000000000001,170.6934,201.03036,30.336964990234378
